City_ID,City,Lat,Lng,Max Temp,Humidity,Cloudiness,Wind Speed,Country,Date
0,thompson,55.7435,-97.8558,27.09,44,40,6.17,CA,1688337738
1,port-aux-francais,-49.35,70.2167,5.2,83,61,14.07,TF,1688337819
2,jamestown,42.097,-79.2353,21.96,95,100,2.06,US,1688337654
3,waitangi,-43.9535,-176.5597,8.34,57,94,12.15,NZ,1688337820
4,douglas,41.3,-96.167,31.25,46,40,2.57,US,1688337718
5,arraial do cabo,-22.9661,-42.0278,20.92,73,40,5.66,BR,1688337820
6,aasiaat,68.7098,-52.8699,4.9,71,53,6.39,GL,1688337821
7,weno,7.4515,151.8468,29.97,84,75,3.09,FM,1688337821
8,radford,37.1318,-80.5764,30.89,64,0,4.63,US,1688337821
9,mercedes,-34.6515,-59.4307,18.91,83,98,4.74,AR,1688337499
10,cabo san lucas,22.8909,-109.9124,30.59,82,100,6.17,MX,1688337756
11,happy valley-goose bay,53.3168,-60.3315,25.17,57,75,5.66,CA,1688337821
12,grytviken,-54.2811,-36.5092,-5.77,80,16,4.95,GS,1688337822
13,bandar labuan,5.2888,115.2692,24.2,100,40,0.0,MY,1688337822
14,west island,-12.1568,96.8225,25.99,83,100,6.17,CC,1688337822
15,bismarck,46.8083,-100.7837,33.91,43,0,7.72,US,1688337822
16,arauca,7.0847,-70.7591,30.0,70,62,0.51,CO,1688337823
17,san patricio,28.017,-97.5169,36.77,46,82,6.91,US,1688337823
18,college,64.8569,-147.8028,26.16,45,40,3.09,US,1688337718
19,pascagoula,30.3658,-88.5561,33.35,63,0,2.57,US,1688337823
20,olonkinbyen,70.9221,-8.7187,4.11,84,100,5.57,SJ,1688337824
21,invercargill,-46.4,168.35,7.76,79,99,8.11,NZ,1688337824
22,nur-sultan,51.1801,71.446,18.97,48,0,4.0,KZ,1688337824
23,antofagasta,-23.65,-70.4,17.6,85,46,3.23,CL,1688337364
24,south hedland,-20.4089,118.5983,14.96,55,100,4.12,AU,1688337824
25,namibe,-15.1961,12.1522,19.85,71,3,2.21,AO,1688337825
26,andergrove,-21.0833,149.1833,22.58,76,87,8.96,AU,1688337825
27,pacific grove,36.6177,-121.9166,32.58,71,0,5.36,US,1688337825
28,blackmans bay,-43.0167,147.3167,5.29,80,32,0.5,AU,1688337825
29,ust-nera,64.5667,143.2,28.86,41,24,3.83,RU,1688337825
30,adamstown,-25.066,-130.1015,21.2,60,36,4.84,PN,1688337826
31,bethel,41.3712,-73.414,27.93,73,97,0.89,US,1688337826
32,georgetown,5.4112,100.3354,27.96,92,20,1.03,MY,1688337711
33,utrik,11.2278,169.8474,28.23,76,60,7.61,MH,1688337826
34,isafjordur,66.0755,-23.124,6.13,86,88,4.85,IS,1688337826
35,albany,42.6001,-73.9662,23.23,99,100,1.22,US,1688337827
36,labin,45.095,14.1197,21.14,81,1,1.91,HR,1688337827
37,pisco,-13.7,-76.2167,21.03,73,20,5.66,PE,1688337827
38,bardai,11.65,7.2333,24.1,75,36,3.55,NG,1688337827
39,laojunmiao,39.8333,97.7333,13.06,45,0,1.88,CN,1688337828
40,atafu village,-8.5421,-172.5159,28.86,69,46,8.03,TK,1688337828
41,al kharj,24.155,47.3346,34.32,15,80,2.93,SA,1688337828
42,cadale,2.7603,46.3222,24.8,75,40,8.07,SO,1688337828
43,ilulissat,69.2167,-51.1,14.01,33,10,7.72,GL,1688337828
44,dajal,29.5577,70.3762,36.99,38,0,6.53,PK,1688337829
45,ghanzi,-21.5667,21.7833,13.2,31,0,4.09,BW,1688337829
46,fortuna,40.5982,-124.1573,19.51,68,0,6.69,US,1688337662
47,puerto natales,-51.7236,-72.4875,4.79,55,98,5.66,CL,1688337829
48,longyearbyen,78.2186,15.6401,9.91,46,0,8.75,SJ,1688337830
49,port elizabeth,-33.918,25.5701,12.4,99,1,1.03,ZA,1688337830
50,hermanus,-34.4187,19.2345,13.71,77,15,0.87,ZA,1688337830
51,auki,-8.7676,160.7034,26.81,82,97,2.9,SB,1688337830
52,kingscliff,-28.2667,153.5667,15.98,88,100,3.09,AU,1688337831
53,wingham,43.8879,-81.3114,23.65,84,100,1.09,CA,1688337831
54,kalianget,-7.05,113.9333,25.86,82,97,3.27,ID,1688337831
55,burang,30.25,81.1667,8.42,86,26,0.96,CN,1688337831
56,chistopol',55.3631,50.6424,15.74,81,52,2.92,RU,1688337832
57,fallon,39.4735,-118.7774,37.73,17,0,3.09,US,1688337537
58,talnakh,69.4865,88.3972,18.48,60,70,0.94,RU,1688337832
59,edinburgh of the seven seas,-37.0676,-12.3116,11.6,52,36,2.24,SH,1688337832
60,tovuz,40.9922,45.6289,20.35,67,26,0.82,AZ,1688337833
61,curup,-3.4667,102.5333,19.94,98,95,0.68,ID,1688337833
62,at taj,24.2049,23.2857,28.86,18,17,3.8,LY,1688337833
63,ezine,39.7856,26.3408,21.6,68,0,1.14,TR,1688337833
64,cockburn town,21.4612,-71.1419,28.12,82,100,8.07,TC,1688337834
65,wailua homesteads,22.0669,-159.378,28.44,73,40,6.17,US,1688337834
66,iskateley,67.6803,53.1512,14.81,89,20,2.72,RU,1688337834
67,papatowai,-46.5619,169.4708,6.74,83,100,8.63,NZ,1688337834
68,ash shamiyah,31.9636,44.599,33.66,16,0,4.01,IQ,1688337834
69,margaret river,-33.95,115.0667,15.95,78,32,9.38,AU,1688337835
70,gorontalo,0.5412,123.0595,25.31,91,22,0.65,ID,1688337835
71,san andres,12.5847,-81.7006,29.01,84,40,4.12,CO,1688337835
72,huarmey,-10.0681,-78.1522,21.29,76,12,3.68,PE,1688337835
73,suva,-18.1416,178.4415,21.71,94,75,3.6,FJ,1688337726
74,yarmouth,41.7057,-70.2286,25.19,89,100,5.14,US,1688337836
75,la mira,18.035,-102.3266,29.54,72,91,2.93,MX,1688337836
76,chala,-7.5833,31.2667,11.17,49,0,2.05,TZ,1688337836
77,riberalta,-10.9833,-66.1,31.11,51,20,0.0,BO,1688337836
78,puerto baquerizo moreno,-0.9,-89.6,27.55,74,75,4.12,EC,1688337837
79,tura,25.5198,90.2201,23.63,98,100,2.32,IN,1688337837
80,lihue,21.9789,-159.3672,28.77,66,40,6.17,US,1688337828
81,kiknur,57.3034,47.2011,14.45,96,54,3.25,RU,1688337837
82,la ligua,-32.4524,-71.2311,12.52,86,100,1.04,CL,1688337837
83,port lincoln,-34.7333,135.8667,11.22,80,100,3.53,AU,1688337838
84,saipan,15.1355,145.701,28.39,89,40,5.14,MP,1688337521
85,tindouf,27.6711,-8.1474,38.25,15,47,8.23,DZ,1688337838
86,hawaiian paradise park,19.5933,-154.9731,27.73,75,75,4.12,US,1688337838
87,pandan,14.0453,124.1694,28.0,84,100,4.11,PH,1688337838
88,sola,-13.8833,167.55,27.37,69,75,3.09,VU,1688337839
89,polyarnyy,69.1989,33.4478,7.75,88,100,2.4,RU,1688337839
90,yuzhno-kurilsk,44.0306,145.8556,15.34,85,69,3.05,RU,1688337839
91,antsiranana,-12.2787,49.2917,22.27,70,53,6.69,MG,1688337839
92,trenggalek,-8.05,111.7167,23.19,97,100,1.74,ID,1688337840
93,bela,25.9333,81.9833,29.7,76,100,1.91,IN,1688337840
94,vorgashor,67.5833,63.95,13.05,87,63,4.13,RU,1688337840
95,port mathurin,-19.6833,63.4167,23.44,68,12,10.82,MU,1688337840
96,iqaluit,63.7506,-68.5145,4.85,86,75,1.03,CA,1688337841
97,khawr fakkan,25.3313,56.342,32.03,70,4,2.66,AE,1688337841
98,tamiahua,21.2667,-97.45,30.91,61,13,5.75,MX,1688337841
99,homestead meadows north,31.8496,-106.1729,38.71,15,75,5.14,US,1688337842
100,petropavlovsk-kamchatsky,53.0452,158.6483,16.33,88,75,4.0,RU,1688337842
101,quellon,-43.1167,-73.6167,9.14,87,75,6.69,CL,1688337842
102,carcarana,-32.8568,-61.1533,19.74,71,100,3.23,AR,1688337843
103,stanley,54.868,-1.6985,10.85,78,0,6.17,GB,1688337843
104,bredasdorp,-34.5322,20.0403,11.05,85,21,1.33,ZA,1688337843
105,kone,-21.0595,164.8658,21.88,56,100,2.08,NC,1688337843
106,bilibino,68.0546,166.4372,15.03,30,54,3.42,RU,1688337844
107,san antonio de pale,-1.4014,5.6325,23.99,86,90,5.75,GQ,1688337844
108,caleta de carquin,-11.0925,-77.6267,20.47,76,24,3.55,PE,1688337844
109,newport,51.5877,-2.9984,15.38,78,98,4.32,GB,1688337590
110,boa vista,2.8197,-60.6733,27.99,74,20,2.57,BR,1688337845
111,diu,20.7141,70.9822,27.65,87,44,4.58,IN,1688337845
112,karaton,-6.3424,106.1045,21.87,95,81,1.27,ID,1688337845
113,thinadhoo,0.5333,72.9333,27.96,76,98,7.19,MV,1688337845
114,ushuaia,-54.8,-68.3,5.81,56,40,5.14,AR,1688337846
115,san julian,21.0167,-102.1667,24.16,45,52,4.12,MX,1688337846
116,ribeira grande,38.5167,-28.7,19.32,85,94,2.24,PT,1688337846
117,arish,31.1316,33.7984,24.04,77,0,1.86,EG,1688337846
118,manzini,-26.25,31.5,13.62,50,76,1.74,SZ,1688337847
119,lerwick,60.1545,-1.1494,12.0,91,100,7.84,GB,1688337847
120,el colorado,-26.3081,-59.3729,20.79,51,23,2.7,AR,1688337847
121,oruro,-17.9833,-67.15,7.48,16,9,2.53,BO,1688337627
122,murzuq,25.9155,13.9184,31.57,16,0,3.38,LY,1688337847
123,salekhard,66.53,66.6019,14.19,97,100,2.87,RU,1688337848
124,vernon,50.2581,-119.2691,28.5,19,0,3.13,CA,1688337848
125,bay roberts,47.5999,-53.2648,22.86,90,98,0.89,CA,1688337306
126,hammerfest,70.6634,23.6821,5.25,100,75,0.0,NO,1688337849
127,vila velha,-20.3297,-40.2925,21.64,83,40,2.06,BR,1688337849
128,kodiak,57.79,-152.4072,9.73,93,100,3.09,US,1688337849
129,kirensk,57.7853,108.1119,17.86,81,100,1.14,RU,1688337849
130,mwatate,-3.5029,38.3795,16.6,91,98,1.83,KE,1688337850
131,hilo,19.7297,-155.09,27.85,73,75,4.12,US,1688337850
132,caraballeda,10.6112,-66.8522,30.04,66,83,2.06,VE,1688337850
133,tafuna,-14.3358,-170.72,28.97,79,40,3.09,AS,1688337850
134,paros,37.0833,25.15,26.28,90,15,7.19,GR,1688337850
135,jose maria morelos,23.3952,-103.8984,25.39,37,98,0.68,MX,1688337851
136,akhty,41.4597,47.7312,14.7,67,1,3.14,RU,1688337851
137,la ronge,55.1001,-105.2842,17.14,63,100,8.23,CA,1688337851
138,enewetak,11.3474,162.3373,27.8,81,99,6.98,MH,1688337851
139,ust'-ilimsk,58.0006,102.6619,17.09,64,88,1.36,RU,1688337852
140,avarua,-21.2078,-159.775,26.03,83,0,3.09,CK,1688337852
141,sinabang,2.4803,96.3801,25.89,83,93,0.84,ID,1688337852
142,vorkuta,67.5,64.0,13.25,87,64,3.6,RU,1688337852
143,anadyr,64.75,177.4833,8.28,87,100,4.0,RU,1688337852
144,bria,6.5423,21.9863,20.68,98,100,1.83,CF,1688337853
145,skanor med falsterbo,55.4,12.85,14.99,72,2,12.92,SE,1688337853
146,serdar,38.9764,56.2757,26.02,29,0,2.7,TM,1688337853
147,porto novo,6.4965,2.6036,25.9,92,100,1.54,BJ,1688337556
148,saint-francois,46.4154,3.9054,19.69,64,100,2.57,FR,1688337854
149,daru,-9.0763,143.2092,26.67,84,64,5.4,PG,1688337854
150,ambodifotatra,-16.9833,49.85,24.45,67,1,9.51,MG,1688337854
151,minas de marcona,-15.2119,-75.1103,14.17,79,12,3.96,PE,1688337854
152,saint-leu,-21.15,55.2833,18.48,85,8,3.41,RE,1688337855
153,dudinka,69.4058,86.1778,17.16,62,57,1.49,RU,1688337855
154,serenje,-13.2325,30.2352,10.46,70,0,3.16,ZM,1688337855
155,wangaratta,-36.3667,146.3333,7.43,84,100,1.2,AU,1688337855
156,ancud,-41.8697,-73.8203,10.66,75,100,10.13,CL,1688337856
157,tondano,1.3038,124.9112,20.05,85,27,1.15,ID,1688337856
158,vetlanda,57.4289,15.0776,11.7,82,68,7.13,SE,1688337856
159,jayapura,-2.5333,140.7,27.66,89,75,2.56,ID,1688337856
160,mandal,25.45,74.5667,28.56,72,86,3.41,IN,1688337856
161,billings,45.7833,-108.5007,31.27,36,20,4.12,US,1688337359
162,dazhong,33.1997,120.4578,27.07,89,100,0.93,CN,1688337857
163,howrah,22.5892,88.3103,29.0,94,40,3.6,IN,1688337857
164,vilyuysk,63.7553,121.6247,21.81,57,67,2.29,RU,1688337857
165,lata,40.1629,-8.3327,18.37,86,0,1.12,PT,1688337857
166,naryn,41.4287,75.9911,15.0,37,99,2.07,KG,1688337858
167,geraldton,-28.7667,114.6,9.23,76,40,8.23,AU,1688337858
168,tucuma,-0.1833,-50.05,26.19,83,21,3.99,BR,1688337858
169,uturoa,-16.7333,-151.4333,26.49,80,9,8.99,PF,1688337858
170,tozkhurmato,34.8905,44.6299,31.06,17,0,3.9,IQ,1688337859
171,belmonte,-15.8631,-38.8828,22.89,73,63,3.57,BR,1688337859
172,tolanaro,-25.0319,46.9987,19.04,88,20,4.12,MG,1688337859
173,i-n-salah,27.1935,2.4607,37.41,9,0,4.49,DZ,1688337859
174,acarau,-2.8856,-40.12,26.13,83,16,6.75,BR,1688337860
175,hede,33.7681,120.2517,25.52,94,100,2.08,CN,1688337860
176,kyaikkami,16.08,97.5675,26.71,87,98,6.86,MM,1688337860
177,port saint john's,-31.6229,29.5448,15.64,78,1,2.57,ZA,1688337860
178,nar'yan-mar,67.6713,53.087,14.82,89,20,2.68,RU,1688337860
179,zhanibek,49.4167,46.85,20.37,71,5,2.91,KZ,1688337678
180,ajdabiya,30.7554,20.2263,24.17,76,0,6.22,LY,1688337861
181,puerto ayora,-0.7393,-90.3518,28.98,93,87,3.58,EC,1688337861
182,mathba,22.2855,89.9629,27.18,89,82,3.03,BD,1688337861
183,kailua-kona,19.6406,-155.9956,28.98,76,40,5.14,US,1688337862
184,santona,43.4439,-3.4576,20.74,87,39,0.23,ES,1688337862
185,bubaque,11.2833,-15.8333,27.47,79,90,4.63,GW,1688337862
186,almeirim,-1.5233,-52.5817,25.63,84,84,0.91,BR,1688337862
187,mersa matruh,31.3525,27.2453,26.7,48,0,4.1,EG,1688337862
188,palikir - national government center,6.9248,158.1611,30.41,70,40,2.57,FM,1688337863
189,esqueda,30.7167,-109.5833,37.3,8,33,1.41,MX,1688337863
190,port alfred,-33.5906,26.891,14.82,82,0,4.1,ZA,1688337643
191,tidjikja,18.5564,-11.4271,30.69,45,87,4.29,MR,1688337863
192,hami,42.8,93.45,20.23,30,0,2.54,CN,1688337864
193,skovorodino,53.9833,123.9167,22.96,62,3,0.89,RU,1688337864
194,hamilton,39.1834,-84.5333,27.1,78,0,3.09,US,1688337414
195,feijo,-8.1642,-70.3536,24.36,63,51,0.2,BR,1688337865
196,alto araguaia,-17.3147,-53.2153,19.65,42,11,0.96,BR,1688337865
197,ballina,-28.8667,153.5667,13.21,79,100,2.27,AU,1688337866
198,abeokuta,7.15,3.35,22.99,97,99,1.0,NG,1688337583
199,markovo,57.3206,107.0881,15.88,95,100,1.18,RU,1688337866
200,songjianghe,42.1859,127.479,22.51,64,33,1.98,CN,1688337866
201,nguigmi,14.2495,13.1092,30.9,41,98,3.24,NE,1688337867
202,aberdeen,57.1437,-2.0981,10.86,80,14,4.12,GB,1688337751
203,khilok,51.3674,110.4676,14.98,91,100,0.56,RU,1688337867
204,catabola,-12.15,17.2833,13.11,37,1,0.7,AO,1688337867
205,broceni,56.7,22.5333,11.95,94,28,5.8,LV,1688337868
206,garoowe,8.4054,48.4845,23.47,64,50,10.97,SO,1688337868
207,tchibanga,-2.85,11.0333,19.81,88,33,1.32,GA,1688337868
208,quibala,-10.7337,14.98,16.44,35,0,1.42,AO,1688337868
209,isangel,-19.55,169.2667,24.06,69,75,1.03,VU,1688337869
210,emerald,-23.5333,148.1667,17.96,70,100,9.27,AU,1688337644
211,mrakovo,52.7161,56.6244,12.58,95,11,1.4,RU,1688337869
212,santa ana de yacuma,-13.75,-65.4333,28.97,54,20,0.0,BO,1688337869
213,oriximina,-1.7656,-55.8661,24.76,92,17,0.74,BR,1688337866
214,essaouira,31.5125,-9.77,23.72,90,0,3.09,MA,1688337870
215,pokrovsk,48.282,37.1758,17.49,78,1,3.67,UA,1688337870
216,parczew,51.6402,22.9006,17.34,79,1,3.63,PL,1688337870
217,kasongo,-4.45,26.6667,21.74,44,9,1.2,CD,1688337870
218,saint-pierre,-21.3393,55.4781,18.82,63,0,3.09,RE,1688337870
219,severodvinsk,64.5635,39.8302,9.03,85,94,4.52,RU,1688337871
220,kuala terengganu,5.3302,103.1408,25.97,94,20,1.03,MY,1688337820
221,tiksi,71.6872,128.8694,3.91,75,96,3.63,RU,1688337871
222,rongelap,11.1635,166.8941,28.09,78,82,8.28,MH,1688337871
223,luderitz,-26.6481,15.1594,19.08,43,0,3.43,NA,1688337872
224,chornomors'k,46.305,30.6548,21.41,86,44,3.8,UA,1688337872
225,okha,53.5739,142.9478,12.8,78,100,4.38,RU,1688337872
226,ajaccio,42.0,8.9167,19.03,83,0,2.06,FR,1688337872
227,la passe,45.5549,-0.8967,17.21,75,40,4.06,FR,1688337873
228,keflavik,64.0049,-22.5624,11.95,87,75,7.2,IS,1688337873
229,darwin,-12.4611,130.8418,20.99,60,20,5.14,AU,1688337873
230,el charco,2.4769,-78.1105,25.04,93,100,1.05,CO,1688337873
231,smirnykh,49.75,142.8333,17.03,73,100,1.93,RU,1688337873
232,acaponeta,22.4964,-105.3594,31.73,62,60,2.72,MX,1688337874
233,mpulungu,-8.7623,31.1141,19.83,53,1,5.02,ZM,1688337874
234,sao francisco do sul,-26.2433,-48.6381,18.95,88,75,1.54,BR,1688337874
235,nuuk,64.1835,-51.7216,9.34,61,100,12.86,GL,1688337666
236,trashigang,27.3331,91.5542,22.4,99,100,0.52,BT,1688337874
237,ormara,25.2088,64.6357,28.46,83,43,2.82,PK,1688337875
238,tongouson,5.0214,120.1328,28.01,73,69,0.69,PH,1688337875
239,vila franca do campo,37.7167,-25.4333,19.23,71,81,2.83,PT,1688337875
240,patao,11.2202,123.6925,28.69,78,100,5.83,PH,1688337875
241,byerazino,53.8391,28.9879,13.58,96,24,3.61,BY,1688337876
242,copala,16.65,-98.9833,30.65,63,10,3.42,MX,1688337876
243,new norfolk,-42.7826,147.0587,6.51,82,24,0.53,AU,1688337876
244,vangaindrano,-23.35,47.6,18.87,72,68,0.74,MG,1688337876
245,lebu,-37.6167,-73.65,11.37,80,94,5.35,CL,1688337876
246,alice springs,-23.7,133.8833,7.75,100,100,0.0,AU,1688337877
247,rumoi,43.9344,141.6428,17.43,87,99,0.51,JP,1688337877
248,bandarbeyla,9.4942,50.8122,24.35,77,23,11.81,SO,1688337877
249,baranovichi,53.1327,26.0139,11.45,91,3,3.39,BY,1688337877
250,tamanrasset,22.785,5.5228,33.95,12,40,1.03,DZ,1688337878
251,pasuquin,18.3328,120.6177,23.97,100,75,1.03,PH,1688337878
252,aioun,16.6614,-9.6149,31.85,40,100,1.65,MR,1688337878
253,puerto deseado,-47.7503,-65.8938,8.86,54,61,9.78,AR,1688337878
254,greifswald,54.1,13.3833,14.48,100,48,7.26,DE,1688337747
255,hue,16.4667,107.6,29.06,70,20,1.85,VN,1688337879
256,el calafate,-50.3408,-72.2768,1.06,76,82,3.44,AR,1688337879
257,noshiro,40.2039,140.0242,21.08,89,99,2.21,JP,1688337879
258,pariaman,-0.619,100.12,25.03,85,100,1.57,ID,1688337879
259,san luis de la loma,17.2706,-100.8939,30.66,68,96,3.39,MX,1688337880
260,nadym,65.5333,72.5167,16.78,77,98,6.5,RU,1688337880
261,dowlatabad,32.7998,51.6955,23.82,23,0,3.09,IR,1688337880
262,portales,34.1862,-103.3344,34.55,24,7,5.04,US,1688337880
263,deschutes river woods,43.9915,-121.3584,32.91,20,0,5.14,US,1688337880
264,tralee,52.2704,-9.7026,12.05,78,92,5.75,IE,1688337867
265,tangalle,6.024,80.7911,25.88,87,100,5.71,LK,1688337881
266,amahai,-3.3333,128.9167,26.36,86,60,1.0,ID,1688337881
267,yelizovo,53.1873,158.3805,17.08,88,75,4.02,RU,1688337881
268,nagqu,31.5,92.0,5.43,84,100,2.21,CN,1688337881
269,roma,43.2128,-75.4557,23.13,86,75,2.06,US,1688337165
270,gheorgheni,46.7167,25.6167,13.6,94,61,0.59,RO,1688337593
271,kamina,-8.7386,24.9906,14.3,43,0,1.85,CD,1688337882
272,calabozo,8.9242,-67.4293,25.03,92,99,0.94,VE,1688337882
273,manokwari,-0.8667,134.0833,27.44,74,79,1.87,ID,1688337882
274,yellowknife,62.456,-114.3525,22.29,49,75,6.71,CA,1688337883
275,klyuchi,52.2667,79.1667,17.42,55,38,3.4,RU,1688337883
276,udachny,66.4167,112.4,16.36,67,3,7.01,RU,1688337883
277,baotou,40.6522,109.8222,26.02,46,100,4.38,CN,1688337883
278,armacao de buzios,-22.7469,-41.8817,21.03,72,15,8.31,BR,1688337884
279,hasaki,35.7333,140.8333,27.38,89,100,4.1,JP,1688337884
280,malvan,16.0667,73.4667,27.38,84,84,8.81,IN,1688337884
281,el granada,37.5027,-122.4694,36.64,62,20,8.23,US,1688337884
282,sitka,57.0531,-135.33,14.94,67,100,3.09,US,1688337884
283,tual,-5.6667,132.75,27.15,81,71,7.4,ID,1688337885
284,akureyri,65.6835,-18.0878,8.96,76,75,5.14,IS,1688337393
285,taltal,-25.4,-70.4833,16.32,79,26,1.55,CL,1688337620
286,shantobe,52.4581,68.1839,19.26,43,98,3.17,KZ,1688337885
287,luanda,-8.8368,13.2343,21.0,88,0,2.06,AO,1688337885
288,constantia,44.1833,28.65,18.38,83,99,3.0,RO,1688337813
289,mendeleyevsk,55.9082,52.2905,16.58,89,18,2.28,RU,1688337886
290,badger,64.8,-147.5333,26.11,43,0,3.09,US,1688337886
291,north platte,41.1239,-100.7654,32.21,38,0,3.09,US,1688337886
292,east london,-33.0153,27.9116,15.0,76,0,3.42,ZA,1688337886
293,urangan,-25.3,152.9,20.27,71,100,7.95,AU,1688337886
294,punta arenas,-53.15,-70.9167,4.06,75,75,6.69,CL,1688337727
295,sosua,19.7667,-70.5167,34.99,62,75,5.14,DO,1688337887
296,colares,38.7992,-9.4469,21.05,78,0,8.49,PT,1688337887
297,gadzhiyevo,69.2551,33.3362,7.51,87,99,2.3,RU,1688337887
298,sao joao da barra,-21.6403,-41.0511,22.05,72,44,12.4,BR,1688337888
299,san agustin de valle fertil,-30.6335,-67.4682,14.27,65,11,1.23,AR,1688337889
300,margate,51.3813,1.3862,15.17,69,42,2.24,GB,1688337889
301,jiuquan,39.7432,98.5174,15.67,54,24,0.24,CN,1688337889
302,chonchi,-42.6128,-73.8092,10.07,84,76,5.47,CL,1688337889
303,ain beida,35.7964,7.3928,22.67,51,16,3.49,DZ,1688337889
304,safi,32.1667,-8.8333,22.27,72,0,2.89,MA,1688337890
305,port augusta,-32.5,137.7667,10.37,77,100,1.48,AU,1688337890
306,shilin,24.8188,103.3324,17.74,95,100,1.83,CN,1688337890
307,taoudenni,22.6783,-3.9836,39.63,20,97,2.78,ML,1688337890
308,vadso,70.0744,29.7487,7.49,87,75,1.03,NO,1688337891
309,tsiombe,-25.3,45.4833,17.07,81,31,2.55,MG,1688337891
310,whitehorse,60.7161,-135.0538,20.05,62,20,1.54,CA,1688337632
311,opuwo,-18.0607,13.84,17.15,30,8,3.21,NA,1688337891
312,alofi,-19.0595,-169.9187,26.94,78,1,2.57,NU,1688337891
313,grand baie,-20.0182,57.5802,22.26,67,1,7.12,MU,1688337892
314,mount gambier,-37.8333,140.7667,6.79,89,100,1.54,AU,1688337892
315,lampang,18.3333,99.5,24.05,98,100,0.35,TH,1688337892
316,napier,-39.4833,176.9167,11.27,70,99,2.24,NZ,1688337892
317,bel ombre,-4.6167,55.4167,25.91,83,75,8.75,SC,1688337892
318,afaahiti,-17.75,-149.2833,26.93,82,11,8.73,PF,1688337893
319,lebowakgomo,-24.2,29.5,9.25,62,0,1.86,ZA,1688337893
320,remire-montjoly,4.9167,-52.2667,24.02,94,100,1.54,GF,1688337893
321,isla mujeres,21.2311,-86.731,30.09,72,66,8.2,MX,1688337893
322,palu,-0.8917,119.8707,24.58,95,71,1.36,ID,1688337894
323,wanning,18.8003,110.3967,27.04,86,100,4.13,CN,1688337894
324,gummidipundi,13.4,80.15,27.0,76,100,0.59,IN,1688337894
325,vittel,48.2009,5.9484,16.84,59,0,5.14,FR,1688337894
326,hadibu,12.65,54.0333,25.22,81,82,9.87,YE,1688337894
327,urengoy,65.9667,78.3667,15.36,62,100,1.98,RU,1688337895
328,mbekenyera,-10.0,38.9833,16.97,92,4,1.59,TZ,1688337895
329,ilam,26.9167,87.9167,20.77,94,98,0.87,NP,1688337895
330,tosontsengel,48.7567,98.2839,8.86,87,97,2.47,MN,1688337895
331,yuanping,38.7153,112.7575,24.11,45,90,0.12,CN,1688337896
332,arteche,12.2645,125.4048,27.93,84,98,3.82,PH,1688337896
333,campo grande,-20.4428,-54.6464,20.75,56,0,1.54,BR,1688337896
334,helena valley west central,46.6629,-112.0604,30.69,24,0,7.72,US,1688337896
335,hechuan,29.9947,106.2572,26.27,97,100,0.75,CN,1688337896
336,lichinga,-13.3128,35.2406,10.51,53,0,2.47,MZ,1688337897
337,la gi,10.6667,107.7833,24.88,90,100,3.4,VN,1688337897
338,carnarvon,-24.8667,113.6333,14.74,66,0,2.16,AU,1688337897
339,amga,60.8953,131.9608,27.04,60,71,1.22,RU,1688337897
340,venice,27.0998,-82.4543,32.26,73,0,3.6,US,1688337897
341,williams lake,52.1415,-122.1445,24.47,26,75,1.79,CA,1688337898
342,kawerau,-38.1,176.7,11.88,83,63,1.34,NZ,1688337898
343,cabedelo,-6.9811,-34.8339,23.37,87,55,2.81,BR,1688337898
344,alo,7.4178,6.7371,23.28,97,47,1.5,NG,1688337898
345,zelenogorsk,56.1147,94.5861,12.93,86,87,1.05,RU,1688337898
346,susuman,62.7833,148.1667,25.08,37,99,1.82,RU,1688337899
347,nova sintra,14.8667,-24.7167,21.64,75,71,3.29,CV,1688337899
348,codrington,-38.2667,141.9667,7.41,88,100,2.56,AU,1688337899
349,qaqortoq,60.7167,-46.0333,6.83,61,42,0.45,GL,1688337899
350,colonia,50.9333,6.95,17.92,58,20,7.72,DE,1688337849
351,island harbour,50.724,-1.2758,15.56,84,74,1.34,GB,1688337900
352,mwinilunga,-11.7358,24.4293,11.34,53,1,1.75,ZM,1688337900
353,igaracu do tiete,-22.5092,-48.5578,18.16,68,11,2.68,BR,1688337670
354,moussoro,13.6408,16.4901,33.74,31,57,2.99,TD,1688337901
355,arvika,59.6553,12.5852,13.34,92,69,0.35,SE,1688337901
356,booue,-0.0921,11.9385,24.95,83,91,1.1,GA,1688337901
357,aktau,43.65,51.2,18.32,72,0,3.09,KZ,1688337902
358,yangambi,0.8102,24.4336,22.4,84,61,0.68,CD,1688337903
359,kongsvinger,60.1905,11.9977,12.37,95,95,1.17,NO,1688337904
360,oschatz,51.3,13.1167,18.62,79,19,4.07,DE,1688337904
361,nea michaniona,40.4649,22.8613,22.94,85,20,1.54,GR,1688337904
362,aroma,15.8167,36.1333,30.24,47,100,8.21,SD,1688337905
363,koriyama,37.4,140.3833,25.07,88,75,0.51,JP,1688337905
364,kayangel,8.0823,134.7173,27.6,81,100,6.85,PW,1688337906
365,kizner,56.2749,51.508,13.93,93,4,1.84,RU,1688337906
366,ta`u,-14.2336,-169.5144,27.7,73,10,5.61,AS,1688337906
367,lazaro cardenas,17.9583,-102.2,29.89,70,92,3.38,MX,1688337906
368,fortaleza,-3.7227,-38.5247,27.34,78,0,3.09,BR,1688337829
369,prado,-17.3411,-39.2208,21.38,79,0,2.78,BR,1688337907
370,antananarivo,-18.9137,47.5361,13.98,82,75,4.12,MG,1688337907
371,havre,49.5833,0.3333,16.78,88,100,6.69,FR,1688337620
372,sidney,-33.8679,151.2073,13.13,80,100,0.45,AU,1688337769
373,nemuro,43.3236,145.575,13.95,93,81,3.83,JP,1688337908
374,khanty-mansiysk,61.0042,69.0019,18.06,82,0,2.0,RU,1688337909
375,puerto cabezas,14.0351,-83.3888,28.98,89,75,3.09,NI,1688337909
376,lincoln city,44.9582,-124.0179,30.02,66,0,11.18,US,1688337641
377,urzhar,47.093,81.6294,16.67,32,9,3.51,KZ,1688337910
378,ketchikan,55.3422,-131.6461,13.99,58,39,2.51,US,1688337910
379,saint-pierre-du-mont,43.8845,-0.5219,16.71,94,0,1.54,FR,1688337910
380,mirny,62.5353,113.9611,19.02,59,99,3.13,RU,1688337911
381,meulaboh,4.1363,96.1285,24.34,91,99,1.53,ID,1688337911
382,kadugli,11.0167,29.7167,25.24,69,100,2.02,SD,1688337911
383,manavalakurichi,8.1333,77.3,26.42,80,100,6.48,IN,1688337913
384,mariental,-24.6333,17.9667,12.82,18,0,5.01,NA,1688337913
385,cidade velha,14.9167,-23.6167,25.26,73,20,4.12,CV,1688337913
386,flin flon,54.7682,-101.865,21.91,64,100,7.72,CA,1688337908
387,zaozersk,69.4005,32.4476,6.72,86,92,0.89,RU,1688337914
388,thal,35.4791,72.2439,17.61,63,0,2.86,PK,1688337914
389,cacador,-26.7753,-51.015,13.13,91,23,1.39,BR,1688337914
390,nelson bay,-32.7167,152.15,13.89,95,100,3.43,AU,1688337815
391,pocone,-16.2567,-56.6228,23.97,29,76,1.47,BR,1688337915
392,miyaly,48.8844,53.7836,20.02,64,44,3.81,KZ,1688337915
393,selebi-phikwe,-21.979,27.8498,12.53,62,0,2.36,BW,1688337915
394,flying fish cove,-10.4217,105.6791,23.82,78,75,4.63,CX,1688337915
395,abaza,52.655,90.0928,9.89,93,50,1.76,RU,1688337916
396,baalbek,34.0058,36.2181,17.36,58,0,0.82,LB,1688337916
397,poronaysk,49.2167,143.1167,12.23,92,100,1.25,RU,1688337916
398,crane,31.3974,-102.3501,34.67,23,88,4.28,US,1688337916
399,kyren,51.6828,102.1408,13.35,81,100,0.49,RU,1688337917
400,callao,-12.0667,-77.15,22.07,73,100,5.66,PE,1688337917
401,forster,-32.1667,152.5167,12.38,91,100,2.5,AU,1688337917
402,illizi,26.4833,8.4667,34.89,12,85,1.88,DZ,1688337918
403,st. john's,47.5649,-52.7093,22.66,73,75,5.66,CA,1688337918
404,haiku-pauwela,20.9219,-156.3051,30.01,51,20,8.75,US,1688337918
405,magadan,59.5667,150.8,23.63,72,77,1.52,RU,1688337918
406,roata de jos,44.4108,25.5433,21.96,85,37,2.89,RO,1688337918
407,jutai,-5.1833,-68.9,26.7,65,96,0.92,BR,1688337919
408,rochester,43.1548,-77.6156,23.1,87,100,1.54,US,1688337879
409,glace bay,46.1969,-59.957,21.99,90,75,5.14,CA,1688337919
410,nova vicosa,-17.8919,-39.3719,21.42,80,6,3.55,BR,1688337920
411,kilju,40.9642,129.3278,25.26,59,75,1.63,KP,1688337920
412,cooma,-36.2333,149.1333,5.69,68,67,1.0,AU,1688337920
413,howard springs,-12.497,131.047,20.95,64,100,4.33,AU,1688337920
414,syumsi,57.1111,51.6149,13.49,96,4,1.69,RU,1688337921
415,christchurch,-43.5333,172.6333,8.6,70,100,1.54,NZ,1688337728
416,marathon,44.9,-89.7668,29.08,44,40,3.6,US,1688337685
417,nabire,-3.3667,135.4833,26.24,83,77,0.89,ID,1688337921
418,portland,45.5234,-122.6762,30.9,37,20,6.17,US,1688337831
419,bikenibeu village,1.3673,173.1241,30.98,79,40,3.6,KI,1688337922
420,mitu,1.1983,-70.1733,22.9,98,73,1.0,CO,1688337922
421,egilsstadir,65.2653,-14.3948,6.95,93,75,7.2,IS,1688337923
422,kimbe,-5.5502,150.1429,27.03,73,81,1.76,PG,1688337923
423,manismata,-2.4667,111.0333,22.72,99,100,1.39,ID,1688337923
424,sao felix do xingu,-6.6447,-51.995,26.66,47,68,0.91,BR,1688337923
425,hefei,31.8639,117.2808,28.01,89,0,3.0,CN,1688337688
426,bereket,39.2446,55.5154,26.8,32,0,3.15,TM,1688337924
427,qarauyl,48.9451,79.255,14.35,55,49,2.01,KZ,1688337924
428,severnoye,56.3491,78.3619,13.31,94,54,2.44,RU,1688337924
429,alaghsas,17.0187,8.0168,34.86,18,94,3.01,NE,1688337925
430,saint-joseph,-21.3667,55.6167,18.21,76,17,3.77,RE,1688337729
431,ghat,24.9647,10.1728,33.3,14,6,3.88,LY,1688337925
432,uige,-7.6087,15.0613,19.72,33,1,1.53,AO,1688337925
433,shenjiamen,29.9576,122.298,24.95,93,100,9.3,CN,1688337926
434,kill devil hills,36.0307,-75.676,31.0,73,0,7.2,US,1688337926
435,barra,-11.0894,-43.1417,24.52,46,37,2.19,BR,1688337926
436,jiazi,22.8779,116.067,28.04,85,38,3.26,CN,1688337926
437,puloypuloy,6.6352,124.096,26.04,88,91,1.16,PH,1688337926
438,yudong,29.385,106.5194,28.61,88,100,0.49,CN,1688337927
439,zelenoborskiy,66.845,32.3622,6.31,69,20,1.45,RU,1688337927
440,tibu,8.639,-72.7358,30.18,65,46,0.78,CO,1688337927
441,shira,54.4911,89.9531,10.4,86,24,1.22,RU,1688337927
442,talodi,10.6325,30.3797,24.34,73,98,1.33,SD,1688337928
443,sur,22.5667,59.5289,29.48,73,5,2.65,OM,1688337654
444,buka,40.8108,69.1986,24.29,23,82,0.49,UZ,1688337928
445,astravyets,54.6138,25.9554,14.44,92,15,4.93,BY,1688337928
446,guadalupe victoria,32.2869,-115.105,42.04,13,0,5.84,MX,1688337928
447,glenvale,-27.5648,151.9076,11.6,84,100,2.68,AU,1688337929
448,guatrache,-37.6678,-63.5302,13.79,88,2,2.72,AR,1688337929
449,ghadamis,30.1337,9.5007,33.0,24,38,4.25,LY,1688337929
450,hobyo,5.3505,48.5268,24.58,83,41,11.12,SO,1688337929
451,san jose,37.3394,-121.895,39.76,34,20,5.14,US,1688337755
452,prince george,53.9166,-122.753,20.14,35,20,7.2,CA,1688337719
453,cannonvale,-20.2833,148.7,21.66,77,84,10.09,AU,1688337930
454,xuddur,4.1213,43.8894,20.68,68,80,9.14,SO,1688337930
455,ternate,0.8,127.4,27.3,78,62,0.75,ID,1688337931
456,edmundston,47.3737,-68.3251,20.97,94,100,4.63,CA,1688337931
457,conceicao do araguaia,-8.2578,-49.2647,25.92,45,11,0.86,BR,1688337931
458,imbituba,-28.24,-48.6703,16.4,89,26,2.26,BR,1688337931
459,istgah-e rah ahan-e garmsar,35.2346,52.3094,29.33,32,0,1.65,IR,1688337931
460,lobujya,27.95,86.8167,3.96,91,98,0.37,NP,1688337932
461,cidreira,-30.1811,-50.2056,17.12,85,68,5.82,BR,1688337932
462,sumenep,-7.0167,113.8667,25.31,85,96,2.36,ID,1688337932
463,coquimbo,-29.9533,-71.3436,13.85,76,0,3.6,CL,1688337796
464,international falls,48.6011,-93.411,29.1,53,40,1.54,US,1688337933
465,saint croix,17.7397,-64.7388,28.25,70,100,6.17,VI,1688337933
466,slave lake,55.2834,-114.769,11.99,87,100,11.83,CA,1688337911
467,presque isle,46.6811,-68.0159,21.24,86,100,3.09,US,1688337934
468,foca,38.6703,26.7566,24.91,80,0,2.9,TR,1688337934
469,watsa,3.0372,29.5355,17.42,91,47,0.98,CD,1688337934
470,puerto santa,-8.9906,-78.6456,21.8,75,54,4.16,PE,1688337935
471,maues,-3.3836,-57.7186,25.34,82,83,1.24,BR,1688337935
472,ad dilinjat,30.8279,30.5363,21.37,89,0,1.36,EG,1688337935
473,rio grande,-32.035,-52.0986,15.53,86,98,5.49,BR,1688337935
474,nikolayevsk-on-amure,53.1406,140.73,18.11,60,100,1.89,RU,1688337936
475,lebyazh'ye,55.2689,66.4947,21.05,55,100,3.75,RU,1688337936
476,vilhena,-12.7406,-60.1458,25.12,50,0,1.54,BR,1688337936
477,vilyuchinsk,52.9306,158.4028,17.15,94,100,1.97,RU,1688337937
478,olinda,-8.0089,-34.8553,22.85,100,75,2.57,BR,1688337937
479,kokopo,-4.352,152.2633,27.54,78,96,6.21,PG,1688337937
480,horsham,51.064,-0.3272,16.12,64,0,2.06,GB,1688337938
481,puerto aysen,-45.4,-72.7,4.8,99,100,1.87,CL,1688337938
482,al mayadin,35.0209,40.4535,29.81,35,0,4.61,SY,1688337938
483,baruun-urt,46.6806,113.2792,17.76,62,85,3.73,MN,1688337938
484,klaksvik,62.2266,-6.589,10.51,98,100,7.63,FO,1688337938
485,frutal,-20.0247,-48.9406,19.75,46,0,2.82,BR,1688337939
486,pleasanton,37.6624,-121.8747,41.3,23,0,5.66,US,1688337779
487,tazacorte,28.629,-17.9293,23.54,92,100,5.66,ES,1688337939
488,bodo,67.28,14.405,11.36,60,0,7.2,NO,1688337939
489,floro,61.5996,5.0328,15.13,82,100,1.54,NO,1688337939
490,praia da vitoria,38.7333,-27.0667,20.14,83,20,2.6,PT,1688337940
491,trinity beach,-16.7888,145.6968,23.9,97,75,0.0,AU,1688337940
492,coruripe,-10.1256,-36.1756,22.9,88,100,1.97,BR,1688337940
493,yabelo,4.8833,38.0833,15.25,72,90,3.22,ET,1688337940
494,yei,4.095,30.6779,19.13,91,30,1.98,SS,1688337940
495,mount pearl,47.5166,-52.7813,22.19,73,75,5.66,CA,1688337941
496,okhotsk,59.3833,143.3,17.25,70,86,1.48,RU,1688337941
497,paita,-5.0892,-81.1144,23.09,78,52,6.47,PE,1688337941
498,siniscola,40.5719,9.6922,22.75,75,0,4.01,IT,1688337941
499,tofol,5.3248,163.0078,28.88,84,75,1.54,FM,1688337941
500,pemangkat,1.1667,108.9667,24.97,87,97,2.57,ID,1688337942
501,severo-yeniseyskiy,60.3725,93.0408,10.35,94,20,0.99,RU,1688337942
502,ifanadiana,-21.3,47.6333,16.17,98,96,0.8,MG,1688337942
503,ariquemes,-9.9133,-63.0408,24.31,56,70,1.32,BR,1688337942
504,darnah,32.767,22.6367,24.62,75,0,7.35,LY,1688337943
505,fale old settlement,-9.3852,-171.2468,28.81,64,53,5.45,TK,1688337943
506,tarawa,1.419,172.984,31.05,79,40,3.6,KI,1688337943
507,mazagao,-0.115,-51.2894,25.03,85,46,2.17,BR,1688337943
508,mili,6.0815,171.735,28.32,77,69,7.46,MH,1688337943
509,kidal,18.4411,1.4078,36.46,20,11,3.39,ML,1688337944
510,mar del plata,-38.0023,-57.5575,13.01,94,100,6.71,AR,1688337902
511,plast,54.3691,60.8136,14.51,92,46,3.06,RU,1688337944
512,kapoeta,4.7717,33.5903,26.0,51,66,2.52,SS,1688337944
513,conduaga,8.862,117.4893,26.5,85,98,2.52,PH,1688337944
514,andalgala,-27.5819,-66.3165,17.42,45,28,0.8,AR,1688337945
515,federal,-30.9547,-58.7833,19.74,76,76,4.46,AR,1688337945
516,salumbar,24.1333,74.05,28.39,79,69,4.06,IN,1688337945
517,karatuzskoye,53.6072,92.8667,11.35,92,42,0.44,RU,1688337945
518,kapa'a,22.0752,-159.319,29.18,73,40,6.17,US,1688337792
519,selfoss,63.9331,-20.9971,10.58,78,94,3.73,IS,1688337946
520,laguna,38.421,-121.4238,44.62,20,0,4.12,US,1688337946
521,lupane,-18.9315,27.807,10.54,48,19,2.46,ZW,1688337946
522,chibougamau,49.9168,-74.3659,18.79,94,100,1.07,CA,1688337947
523,tramandai,-29.9847,-50.1336,17.01,87,45,5.62,BR,1688337947
524,villa gesell,-37.2639,-56.973,13.36,90,60,5.58,AR,1688337804
525,bandar-e lengeh,26.5579,54.8807,30.63,67,2,2.4,IR,1688337947
526,kununurra,-15.7667,128.7333,14.99,82,79,5.89,AU,1688337947
527,nea alikarnassos,35.3333,25.1667,24.41,81,0,1.54,GR,1688337948
528,angaur state,6.906,134.13,28.68,73,94,3.86,PW,1688337948
529,tsetserleg,47.475,101.4542,9.35,90,100,1.0,MN,1688337948
530,lianzhou,24.7811,112.3825,25.87,97,54,1.34,CN,1688337948
531,nybro,56.7446,15.9071,13.91,71,14,6.39,SE,1688337949
532,chirilagua,13.2203,-88.1386,29.11,58,99,0.96,SV,1688337949
533,arenal,8.4593,-73.9433,28.01,83,89,1.01,CO,1688337949
534,fort st. john,56.2499,-120.8529,18.94,39,75,7.72,CA,1688337949
535,san martin,-33.081,-68.4681,16.3,53,54,4.5,AR,1688337950
536,sabancuy,18.9667,-91.1833,29.44,71,23,2.76,MX,1688337950
537,panama city beach,30.1766,-85.8055,32.25,72,9,4.02,US,1688337711
538,saguenay,48.4168,-71.0657,26.06,72,40,4.12,CA,1688337292
539,usinsk,65.9939,57.5281,15.28,90,82,1.66,RU,1688337950
540,banda aceh,5.5577,95.3222,25.64,82,71,4.03,ID,1688337951
541,preveza,38.95,20.75,23.95,83,20,5.66,GR,1688337879
542,covington,39.0837,-84.5086,28.11,76,0,3.09,US,1688337777
543,gwadar,25.1216,62.3254,28.2,83,76,2.25,PK,1688337951
544,sittwe,20.15,92.9,28.26,82,86,4.19,MM,1688337952
545,conde,-7.2597,-34.9075,22.7,100,75,4.12,BR,1688337932
546,sanming,26.2486,117.6186,26.43,90,89,1.05,CN,1688337952
547,sungai raya,0.7,108.9,25.0,87,100,2.05,ID,1688337952
548,santa cruz,-17.8,-63.1667,25.03,69,40,7.2,BO,1688337679
549,abu jibeha,11.4562,31.2285,24.81,67,100,1.49,SD,1688337953
550,aksu,41.1231,80.2644,23.76,30,64,0.83,CN,1688337953
551,hithadhoo,-0.6,73.0833,28.12,73,79,8.07,MV,1688337953
552,guerrero negro,27.9769,-114.0611,22.96,60,8,7.41,MX,1688337953
553,manado,1.487,124.8455,24.43,100,40,0.51,ID,1688337954
554,laguna salada,19.6483,-71.0945,28.64,76,89,2.58,DO,1688337954
555,maintirano,-18.0667,44.0167,20.39,85,18,2.56,MG,1688337954
556,boende,-0.2167,20.8667,23.16,77,3,0.36,CD,1688337954
